title,description,url,publishedAt,keyword
Why Permian Resources Corporation (PR) Stock is Gaining This Week,"We recently compiled a list of the Energy Stocks that are Gaining This Week. In this article, we are going to take a look at where Permian Resources...",https://finance.yahoo.com/news/why-permian-resources-corporation-pr-035542964.html,2025-04-25T03:55:42Z,Natural gas
IT sector faces limited upside amid global uncertainty and tariff risks: Sandip Sabharwal,"I would think that the downsides could be limited for many of these companies given the fact that they are zero debt, most of them, and cash flow generating companies with a decent dividend yield, but the upside also is limited given the lack of visibility.",https://economictimes.indiatimes.com/markets/expert-view/it-sector-faces-limited-upside-amid-global-uncertainty-and-tariff-risks-sandip-sabharwal/articleshow/120607392.cms,2025-04-25T06:05:03Z,Gas price
Interlock ransomware gang started leaking data allegedly stolen from leading kidney dialysis firm DaVita,"The Interlock ransomware gang claimed responsibility for the attack on the leading kidney dialysis company DaVita and leaked alleged stolen data. DaVita Inc. provides kidney dialysis services through a network of 2,675 outpatient centers in the United States,…",https://securityaffairs.com/176946/cyber-crime/interlock-ransomware-gang-started-leaking-data-allegedly-stolen-from-leading-kidney-dialysis-firm-davita.html,2025-04-25T07:13:10Z,LNG (liquefied natural gas)
The Steelers pass on Shedeur Sanders to select defensive tackle Derrick Harmon in the NFL draft,"The Pittsburgh Steelers gave their defensive line a boost, selecting tackle Derrick Harmon from Oregon with the 21st overall pick in the NFL draft on Thursday night. While the Steelers remain in the market for a quarterback, they opted to pass on Colorado sta…",https://sports.yahoo.com/article/steelers-pass-shedeur-sanders-select-023328365.html,2025-04-25T02:33:28Z,Henry Hub
Introducing Marginalian Editions: Extraordinary Forgotten Books Brought Back to Life,"I have become a person on the pages and in the margins of books. In nearly two decades of reckoning with my reading in writing, it has been my ongoing lamentation to see works of enduring beauty and substance perish out of print — because the ideas they condu…",https://www.themarginalian.org/2025/04/24/introducing-marginalian-editions/,2025-04-25T00:52:05Z,Energy commodity
Ukraine may have to give up land for peace - Kyiv Mayor Klitschko,"Vitaliy Klitschko tells the BBC that although unfair, it could be a temporary solution to end the fighting.",https://www.bbc.com/news/articles/cp348ygjgy3o,2025-04-25T05:02:44Z,European
Interlock ransomware gang started leaking data allegedly stolen from leading kidney dialysis firm DaVita,"The Interlock ransomware gang claimed responsibility for the attack on the leading kidney dialysis company DaVita and leaked alleged stolen data. DaVita Inc. provides kidney dialysis services through a network of 2,675 outpatient centers in the United States,…",https://securityaffairs.com/176946/cyber-crime/interlock-ransomware-gang-started-leaking-data-allegedly-stolen-from-leading-kidney-dialysis-firm-davita.html,2025-04-25T07:13:10Z,Asian LNG price
Why Permian Resources Corporation (PR) Stock is Gaining This Week,"We recently compiled a list of the Energy Stocks that are Gaining This Week. In this article, we are going to take a look at where Permian Resources...",https://finance.yahoo.com/news/why-permian-resources-corporation-pr-035542964.html,2025-04-25T03:55:42Z,Global natural gas
XRP Price Hovers at Support — Can The 100 SMA Spark Bullish Bounce?,XRP price corrected gains from the $2.30 zone. The price is now consolidating near the $2.150 support and might aim for a fresh increase. XRP price started a fresh increase above the $2.150 zone. The price is now trading above $2.150 and the 100-hourly Simple…,http://www.newsbtc.com/analysis/xrp/xrp-price-hovers-at-support-2-150/,2025-04-25T04:08:47Z,Energy price index
IT sector faces limited upside amid global uncertainty and tariff risks: Sandip Sabharwal,"I would think that the downsides could be limited for many of these companies given the fact that they are zero debt, most of them, and cash flow generating companies with a decent dividend yield, but the upside also is limited given the lack of visibility.",https://economictimes.indiatimes.com/markets/expert-view/it-sector-faces-limited-upside-amid-global-uncertainty-and-tariff-risks-sandip-sabharwal/articleshow/120607392.cms,2025-04-25T06:05:03Z,Crude oil
"The 'blunt, plain-spoken' climate action of Pope Francis","Pope Francis regularly used his position to push for action on climate change, notably in two papal documents that wove scientific fact with faith-based arguments for safeguarding the planet.",https://www.cbc.ca/news/climate/pope-francis-climate-change-laudato-si-1.7517835,2025-04-25T08:00:00Z,Renewable energy
I used simple rules to make DFAs that kinda match accepted physics models,Comments,https://keweizhou1996-df477.web.app/dfa.html,2025-04-25T02:00:09Z,Inflation
AI-Generated Content in SaaS: Game-Changer or SEO Nightmare?,"With AI making strides every day, it is becoming increasingly difficult to ignore it. AI-generated content, or content that’s almost entirely produced by AI, is gaining a lot of attention in B2B SaaS marketing.  And while the use of AI is being greatly advoca…",https://www.noupe.com/business-online/ai-generated-content-in-saas.html,2025-04-25T07:24:33Z,Production rates
US Bombers Show Up on Doorstep of Russia's Far East Flank,"The U.S. military has deployed multiple air, ground and naval units across Japan.",https://www.newsweek.com/us-news-bombers-deploy-north-japan-base-pacific-russia-2063978,2025-04-25T07:31:13Z,Inventory levels
Boeing’s China dilemma strikes at heart of trade and security crises,"China halted aircraft deliveries due to U.S.-China trade tariffs, disrupting $200B in backlogged orders. President Trump also canceled a $4B Air Force One contract over alleged overcharging, compounding financial pressures. Boeing announced 17,000 layoffs (10…",https://www.naturalnews.com/2025-04-25-boeings-china-dilemma-strikes-trade-and-security-crises.html,2025-04-25T06:00:00Z,Geopolitical impact
Tariffs threaten access to healthy diets as grocery prices soar,"Trump’s 10% tariffs on imports are driving up food costs, particularly for staples like avocados, berries and nuts. Economists warn that higher tariffs (25%+) could make healthy produce unaffordable for many families. Importers are passing tariff costs direct…",https://www.naturalnews.com/2025-04-25-tariffs-threaten-access-healthy-diets-prices-soar.html,2025-04-25T06:00:00Z,Seasonal impact
89% of the public demand climate action.,"ChatGPT About 89% of the public want their governments to do more to tackle the climate crisis, but don’t know they are in the majority. As the Guardian article, A silent majority of the world’s people wants stronger climate action. It’s time to wake up point…",https://energycentral.com/c/ec/89-public-demand-climate-action,2025-04-25T02:47:14Z,Weather impact
IT sector faces limited upside amid global uncertainty and tariff risks: Sandip Sabharwal,"I would think that the downsides could be limited for many of these companies given the fact that they are zero debt, most of them, and cash flow generating companies with a decent dividend yield, but the upside also is limited given the lack of visibility.",https://economictimes.indiatimes.com/markets/expert-view/it-sector-faces-limited-upside-amid-global-uncertainty-and-tariff-risks-sandip-sabharwal/articleshow/120607392.cms,2025-04-25T06:05:03Z,Economic slowdown
'National hero' - China's pursuit of an elusive world title,Players from eight countries have won snooker's most prestigious title of world champion - but China is still waiting for its first success.,https://www.bbc.com/sport/snooker/articles/cly1643d84wo,2025-04-25T06:51:58Z,China
Ukraine may have to give up land for peace - Kyiv Mayor Klitschko,"Vitaliy Klitschko tells the BBC that although unfair, it could be a temporary solution to end the fighting.",https://www.bbc.com/news/articles/cp348ygjgy3o,2025-04-25T05:02:44Z,US
Ukraine may have to give up land for peace - Kyiv Mayor Klitschko,"Vitaliy Klitschko tells the BBC that although unfair, it could be a temporary solution to end the fighting.",https://www.bbc.com/news/articles/cp348ygjgy3o,2025-04-25T05:02:44Z,Russia
Ukraine may have to give up land for peace - Kyiv Mayor Klitschko,"Vitaliy Klitschko tells the BBC that although unfair, it could be a temporary solution to end the fighting.",https://www.bbc.com/news/articles/cp348ygjgy3o,2025-04-25T05:02:44Z,Ukraine
Houthi rebels have shot down 7 US Reaper drones worth $200 million in recent weeks,"The U.S. has increased its attacks on the Houthis, launching daily strikes since March 15, when President Donald Trump ordered a new, expanded campaign.",https://www.npr.org/2025/04/25/nx-s1-5377192/houthis-reaper-drones-us-military-yemen,2025-04-25T05:17:05Z,Gaza
"Pirate CDNs Fueling 1,400 Russian Sites “Use EU & US CDN Infrastructure”","A new report offers a rare glimpse into the world of pirate CDNs. The report suggests that the largest players in Russia together service around 1,400 third party pirate sites, whose operators draw on massive libraries of pirated content offered by the CDNs. …",https://torrentfreak.com/pirate-cdns-fueling-1400-russian-sites-use-eu-us-cdn-infrastructure-250424/,2025-04-25T06:57:05Z,Pirate
"Shark Attacks on Humans Aren’t Always What They Seem, Scientists Say","Sharks rarely bite humans in the first place. And in a new study Friday, researchers have found that some of these bites are wholly defensive.",https://gizmodo.com/shark-attacks-on-humans-arent-always-what-they-seem-scientists-say-2000594028,2025-04-25T04:00:41Z,Attacking
Ukraine may have to give up land for peace - Kyiv Mayor Klitschko,"Vitaliy Klitschko tells the BBC that although unfair, it could be a temporary solution to end the fighting.",https://www.bbc.com/news/articles/cp348ygjgy3o,2025-04-25T05:02:44Z,War
"Autonomous, armed, and fast: Meet the Bengal MC warship","Autonomous warships have moved into the large fast-attack league as Eureka Naval Craft announces what it describes as the most advanced autonomous naval attack vessel in the world. It can carry 40 tonnes and reach speeds of up to 50 knots (57 mph, 92 km/h).Co…",https://newatlas.com/military/robotic-ships-fast-attack-bengal-mc/,2025-04-25T05:03:00Z,Warfare
"Vincent Labrune visé en tant que président de la LFP par une plainte pour injure homophobe, après une publication sur les réseaux sociaux",L’association Stop Homophobie reproche à la Ligue de football professionnel d’avoir diffusé sur son compte Instagram une vidéo – retirée ensuite – qui reprenait un chant homophobe de supporters stéphanois.,https://www.lemonde.fr/sport/article/2025/04/25/vincent-labrune-vise-en-tant-que-president-de-la-lfp-par-une-plainte-pour-injure-homophobe-apres-une-publication-sur-les-reseaux-sociaux_6599882_3242.html,2025-04-25T04:43:21Z,Sanctions
"In Night Bloom’s towering Shanghai projections, deaf voices illuminate climate urgency","In larger than life projections on Shanghai's SuHe Haus building, Night Bloom reimagines climate narratives through Chinese Sign Language and Visual Vernacular (the latter is a sign-based storytelling method using expressive movement). The one-off performance…",https://www.trendwatching.com/innovations/in-night-blooms-towering-shanghai-projections-deaf-voices-illuminate-climate-urgency,2025-04-25T04:45:00Z,Extreme weather
‘We are condemned’: Kashmiri tourism pays the price of Pahalgam killings,More than 23 million tourists visited Indian Kashmir in 2024 but that is set to change.,https://www.aljazeera.com/features/2025/4/25/we-are-condemned-kashmiri-tourism-pays-the-price-of-pahalgam-killings,2025-04-25T04:14:46Z,Pandemic
"Slate Auto Launches With a $25,000 Electric Pickup Designed to be Customized","The disruptive Michigan-based startup thinks it can revolutionize entry-level vehicle ownership Dreaming of new car ownership feels increasingly out of reach for many Americans, especially in the current economic environment full of …",http://coolhunting.com/technology/slate-auto-launches-with-a-25000-electric-pickup-designed-to-be-customized/,2025-04-25T02:15:44Z,Logistics
Can India really stop river flowing into Pakistan?,"After a deadly militant attack in Kashmir, India suspended a key water treaty with neighbouring Pakistan.",https://www.bbc.com/news/articles/cd7vjyezypqo,2025-04-25T07:18:43Z,Climate change
Café 52 Is An Oasis For Healthy Food In Paris’s Golden Triangle,Chef Maxime Raab is bringing healthy cuisine to the heart of the bustling 8th arrondissement in Paris at Café 52.,https://www.forbes.com/sites/caitlinpalumbo/2025/04/24/caf-52-is-an-oasis-for-healthy-food-in-pariss-golden-triangle/,2025-04-25T02:52:48Z,Food supply
